{"noiseKey":{"private":{"type":"Buffer","data":"AO5SaRZEuwSNTZtDIYklgxXMurRpnxAVsdWLEvEo8Fk="},"public":{"type":"Buffer","data":"QO0nb6M2lq9mvy/jrYEUqeT7KjXM7uAzlgM3yixQuns="}},"pairingEphemeralKeyPair":{"private":{"type":"Buffer","data":"QDg8s9xs4aWGvfNbh1e9r50HC8s7SfCKAZEX7F+gSEs="},"public":{"type":"Buffer","data":"6bVJ8NFRnNTKMztyiGSDu0jtuijGjkyWfHuOo+L6SVw="}},"signedIdentityKey":{"private":{"type":"Buffer","data":"CE/NBpa6xANDVjt1nChEVIcjCHMKt7KluRuasIcf7mA="},"public":{"type":"Buffer","data":"hMdqHzQqTzrVWF34sy+G2+bLnVc+cS1ZTTlZTMq/Hg4="}},"signedPreKey":{"keyPair":{"private":{"type":"Buffer","data":"cPeSx5GKTK1Vlw6NG6bPzHbaZP0dRrXUobzZs8s+Zkc="},"public":{"type":"Buffer","data":"rz+bCTav8Rin3K2d2eTIG4zJo/liAQOSF2eg7kRFjUs="}},"signature":{"type":"Buffer","data":"OUOq4oB/LDqvZuJObZVW6AnLiLK5AsIrN5nQjHnxzNJpWZ6YQcysQ4FVhtE8/p21mX234UaNEi4t0jwslznUhA=="},"keyId":1},"registrationId":52,"advSecretKey":"FobkgL0WhLClV0qzJ0is+A/CeV9gsHM8huFF5IpqNF0=","processedHistoryMessages":[],"nextPreKeyId":31,"firstUnuploadedPreKeyId":31,"accountSyncCounter":0,"accountSettings":{"unarchiveChats":false},"deviceId":"ZjFUWTf1RNC87I9m8SvRrw","phoneId":"36efec62-18b0-4aa3-8a78-6f49f2f7bb9d","identityId":{"type":"Buffer","data":"AwLerPyFpChYE/jlvo+gAmSmBmo="},"registered":true,"backupToken":{"type":"Buffer","data":"xwDRWdlQ+EShIGeWEKKGfrP/868="},"registration":{},"pairingCode":"BFDVDY8B","me":{"id":"242068131261:1@s.whatsapp.net","lid":"147077279526941:1@lid"},"account":{"details":"CJKa064CEIygqLcGGAEgACgA","accountSignatureKey":"RA6QJ04sIvwnWTJ4lacMWq9C29lLOFwp2hgxPKHccmo=","accountSignature":"OI8lEXaP87Bz6fIookJpd8ARGPM5156YoqWkqN3TtozsgTbTHTknVVbTLiqN+7wnhSrsZEoxejFLaHIs1CYjCA==","deviceSignature":"kCBMy6vgbZtlZipEXPdDpuhBsqmH1LNpANogeYhYNjmW5BOwFfCfIFa6aPGnpEzl8wQFEj2TLyYq9q3Y7/l9hw=="},"signalIdentities":[{"identifier":{"name":"242068131261:1@s.whatsapp.net","deviceId":0},"identifierKey":{"type":"Buffer","data":"BUQOkCdOLCL8J1kyeJWnDFqvQtvZSzhcKdoYMTyh3HJq"}}],"platform":"android","routingInfo":{"type":"Buffer","data":"CAUIEg=="},"lastAccountSyncTimestamp":1726615577,"lastPropHash":"2ovqyy","myAppStateKeyId":"AAAAAPK4"}